date,open,high,low,close,volume
2025-06-23 09:15:00+05:30,190.0,190.0,165.0,167.0,2651632
2025-06-23 10:15:00+05:30,167.0,168.0,159.5,160.03,1440312
2025-06-23 11:15:00+05:30,160.03,161.9,159.55,160.0,348634
2025-06-23 12:15:00+05:30,160.0,160.97,159.1,159.1,285540
2025-06-23 13:15:00+05:30,159.18,160.0,158.65,158.65,503086
2025-06-23 14:15:00+05:30,158.65,158.65,158.65,158.65,129658
2025-06-23 15:15:00+05:30,158.65,159.0,158.65,159.0,912254
2025-06-24 09:15:00+05:30,159.0,162.0,155.3,157.95,747677
2025-06-24 10:15:00+05:30,157.47,158.95,155.15,155.27,90640
2025-06-24 11:15:00+05:30,155.23,155.42,153.6,155.05,298454
2025-06-24 12:15:00+05:30,155.01,155.1,153.0,153.08,166852
2025-06-24 13:15:00+05:30,153.06,154.55,153.0,154.47,106685
2025-06-24 14:15:00+05:30,154.47,155.01,152.52,153.03,536814
2025-06-24 15:15:00+05:30,153.03,154.4,152.2,154.0,285936
2025-06-25 09:15:00+05:30,153.0,158.0,152.05,156.05,471633
2025-06-25 10:15:00+05:30,156.06,160.8,156.0,159.95,512435
2025-06-25 11:15:00+05:30,159.95,160.0,158.15,159.7,521043
2025-06-25 12:15:00+05:30,159.0,160.0,158.5,158.89,283920
2025-06-25 13:15:00+05:30,158.92,160.0,158.0,158.01,910404
2025-06-25 14:15:00+05:30,158.01,158.12,154.2,154.5,377184
2025-06-25 15:15:00+05:30,154.5,156.03,154.0,156.0,149865
2025-06-26 09:15:00+05:30,156.0,159.75,155.5,158.25,303963
2025-06-26 10:15:00+05:30,158.3,159.7,158.2,158.95,115872
2025-06-26 11:15:00+05:30,158.95,159.0,157.0,157.15,86580
2025-06-26 12:15:00+05:30,157.15,158.0,157.12,157.12,106559
2025-06-26 13:15:00+05:30,157.12,157.99,156.3,157.0,92580
2025-06-26 14:15:00+05:30,157.0,158.1,152.0,152.2,1150598
2025-06-26 15:15:00+05:30,152.06,153.8,151.0,153.8,1203518
2025-06-27 09:15:00+05:30,154.25,157.8,153.0,157.29,409228
2025-06-27 10:15:00+05:30,157.29,158.4,156.5,157.15,316121
2025-06-27 11:15:00+05:30,157.15,159.0,156.0,158.0,186227
2025-06-27 12:15:00+05:30,158.02,159.0,156.15,157.53,135758
2025-06-27 13:15:00+05:30,157.51,158.5,155.7,157.47,181259
2025-06-27 14:15:00+05:30,157.47,160.03,157.45,160.03,551764
2025-06-27 15:15:00+05:30,160.03,160.03,158.5,160.03,690298
2025-06-30 09:15:00+05:30,159.8,161.5,159.03,160.13,556163
2025-06-30 10:15:00+05:30,160.13,165.4,160.13,165.05,608496
2025-06-30 11:15:00+05:30,165.05,166.78,162.85,162.86,583273
2025-06-30 12:15:00+05:30,162.85,162.86,160.01,160.01,262171
2025-06-30 13:15:00+05:30,160.01,160.16,156.55,158.0,419195
2025-06-30 14:15:00+05:30,158.0,160.45,157.0,157.1,351576
2025-06-30 15:15:00+05:30,157.01,158.9,156.75,157.73,192817
2025-07-01 09:15:00+05:30,159.15,159.73,157.0,158.4,223310
2025-07-01 10:15:00+05:30,158.4,158.4,157.2,157.5,274705
2025-07-01 11:15:00+05:30,157.5,158.99,157.0,158.98,357310
2025-07-01 12:15:00+05:30,158.95,159.9,157.8,159.0,296444
2025-07-01 13:15:00+05:30,158.92,159.75,157.5,157.99,352959
2025-07-01 14:15:00+05:30,158.0,158.0,155.5,156.0,1716319
2025-07-01 15:15:00+05:30,155.8,156.0,155.75,156.0,746025
2025-07-02 09:15:00+05:30,156.1,157.9,154.75,154.98,257189
2025-07-02 10:15:00+05:30,154.98,156.0,154.75,155.21,82831
2025-07-02 11:15:00+05:30,155.21,155.99,155.0,155.55,56140
2025-07-02 12:15:00+05:30,155.98,159.2,155.3,158.1,2203691
2025-07-02 13:15:00+05:30,158.1,158.33,155.5,155.6,491565
2025-07-02 14:15:00+05:30,155.6,158.3,155.55,157.0,2642907
2025-07-02 15:15:00+05:30,157.0,157.01,155.72,155.98,508584
2025-07-03 09:15:00+05:30,157.8,158.95,155.5,155.68,467032
2025-07-03 10:15:00+05:30,155.5,156.01,155.35,155.97,2177671
2025-07-03 11:15:00+05:30,155.97,156.0,155.4,155.66,1153074
2025-07-03 12:15:00+05:30,155.82,156.0,155.66,155.99,592361
2025-07-03 13:15:00+05:30,155.99,156.0,155.1,155.39,190688
2025-07-03 14:15:00+05:30,155.39,155.99,152.0,155.58,513389
2025-07-03 15:15:00+05:30,155.5,155.89,155.25,155.89,67624
2025-07-04 09:15:00+05:30,155.6,161.9,155.1,161.9,588696
2025-07-04 10:15:00+05:30,161.9,163.3,159.15,161.0,570269
2025-07-04 11:15:00+05:30,161.0,162.4,159.99,160.22,289958
2025-07-04 12:15:00+05:30,160.22,162.5,157.75,158.25,567927
2025-07-04 13:15:00+05:30,158.25,159.95,157.7,158.2,222264
2025-07-04 14:15:00+05:30,158.2,160.5,156.99,159.3,609972
2025-07-04 15:15:00+05:30,159.3,161.49,159.3,161.45,413327
2025-07-07 09:15:00+05:30,160.2,161.8,156.6,157.99,589473
2025-07-07 10:15:00+05:30,157.99,158.5,157.01,157.99,140998
2025-07-07 11:15:00+05:30,157.99,158.44,157.25,158.18,138395
2025-07-07 12:15:00+05:30,158.18,159.8,157.53,159.8,153056
2025-07-07 13:15:00+05:30,159.57,164.8,158.6,164.0,1140619
2025-07-07 14:15:00+05:30,164.0,164.49,163.0,163.65,363433
2025-07-07 15:15:00+05:30,163.61,163.74,163.0,163.4,630060
2025-07-08 09:15:00+05:30,164.49,167.87,164.0,167.05,1060397
2025-07-08 10:15:00+05:30,167.3,167.5,165.01,166.8,505542
2025-07-08 11:15:00+05:30,166.8,168.0,164.7,166.89,417081
2025-07-08 12:15:00+05:30,166.89,166.9,165.4,165.84,145829
2025-07-08 13:15:00+05:30,165.84,165.85,165.11,165.19,151524
2025-07-08 14:15:00+05:30,165.19,166.17,164.01,165.92,649677
2025-07-08 15:15:00+05:30,165.51,165.77,164.36,164.82,198848
2025-07-09 09:15:00+05:30,165.19,166.44,162.11,163.17,465858
2025-07-09 10:15:00+05:30,163.17,164.97,163.0,164.0,83575
2025-07-09 11:15:00+05:30,164.0,164.51,163.15,163.51,89831
2025-07-09 12:15:00+05:30,163.51,163.97,161.5,161.65,156010
2025-07-09 13:15:00+05:30,161.65,162.57,161.51,162.16,112175
2025-07-09 14:15:00+05:30,162.16,162.17,160.03,160.75,324053
2025-07-09 15:15:00+05:30,160.74,161.19,160.51,160.7,88194
2025-07-10 09:15:00+05:30,161.9,162.99,160.39,160.68,230167
2025-07-10 10:15:00+05:30,160.68,161.55,160.1,160.87,112398
2025-07-10 11:15:00+05:30,160.86,162.99,160.8,162.61,145910
2025-07-10 12:15:00+05:30,162.61,164.2,162.48,162.71,283862
2025-07-10 13:15:00+05:30,162.68,164.08,162.68,163.8,130090
2025-07-10 14:15:00+05:30,163.8,164.89,163.07,163.07,399528
2025-07-10 15:15:00+05:30,163.15,163.42,162.62,162.82,181084
2025-07-11 09:15:00+05:30,162.0,166.25,161.51,162.91,738828
2025-07-11 10:15:00+05:30,162.82,163.0,160.25,160.67,399565
2025-07-11 11:15:00+05:30,160.75,161.0,159.2,160.57,425847
2025-07-11 12:15:00+05:30,160.57,161.49,160.28,160.57,128719
2025-07-11 13:15:00+05:30,160.57,160.99,158.61,159.2,244222
2025-07-11 14:15:00+05:30,159.2,159.57,158.5,158.63,228765
2025-07-11 15:15:00+05:30,158.58,159.18,158.45,158.91,159953
2025-07-14 09:15:00+05:30,160.0,160.37,156.51,156.81,598313
2025-07-14 10:15:00+05:30,156.81,157.88,156.39,156.73,239334
2025-07-14 11:15:00+05:30,156.73,157.2,155.8,157.03,326153
2025-07-14 12:15:00+05:30,157.03,157.89,156.61,156.81,156860
2025-07-14 13:15:00+05:30,156.81,157.09,156.01,156.28,109654
2025-07-14 14:15:00+05:30,156.35,157.1,155.8,156.83,316976
2025-07-14 15:15:00+05:30,156.78,157.04,155.8,155.99,372409
2025-07-15 09:15:00+05:30,157.0,157.74,155.05,155.8,285014
2025-07-15 10:15:00+05:30,156.0,156.17,155.19,155.93,139549
2025-07-15 11:15:00+05:30,155.93,156.26,155.0,155.45,277968
2025-07-15 12:15:00+05:30,155.45,157.18,155.41,156.18,484362
2025-07-15 13:15:00+05:30,156.1,156.4,155.1,155.22,201116
2025-07-15 14:15:00+05:30,155.17,155.42,154.12,154.93,453718
2025-07-15 15:15:00+05:30,155.0,157.5,154.72,156.13,4516086
2025-07-16 09:15:00+05:30,155.75,158.85,155.75,156.53,402543
2025-07-16 10:15:00+05:30,156.61,156.89,156.01,156.2,151158
2025-07-16 11:15:00+05:30,156.2,156.72,156.0,156.25,66996
2025-07-16 12:15:00+05:30,156.25,156.35,156.0,156.06,75230
2025-07-16 13:15:00+05:30,156.05,156.75,156.05,156.36,169757
2025-07-16 14:15:00+05:30,156.36,156.55,155.41,155.94,663030
2025-07-16 15:15:00+05:30,155.94,155.99,154.0,154.5,323556
2025-07-17 09:15:00+05:30,155.01,155.8,154.4,155.35,313454
2025-07-17 10:15:00+05:30,155.35,155.5,154.3,154.55,116873
2025-07-17 11:15:00+05:30,154.55,154.55,153.55,153.61,126432
2025-07-17 12:15:00+05:30,153.61,153.79,153.37,153.5,70613
2025-07-17 13:15:00+05:30,153.5,153.97,153.5,153.92,66661
2025-07-17 14:15:00+05:30,153.92,153.93,153.25,153.39,192890
2025-07-17 15:15:00+05:30,153.38,153.5,152.9,153.0,158372
2025-07-18 09:15:00+05:30,153.3,153.76,152.35,152.4,298681
2025-07-18 10:15:00+05:30,152.4,152.6,151.61,152.44,144363
2025-07-18 11:15:00+05:30,152.45,152.52,151.75,151.78,128963
2025-07-18 12:15:00+05:30,151.78,151.9,150.75,151.5,312791
2025-07-18 13:15:00+05:30,151.5,153.4,151.42,152.97,265556
2025-07-18 14:15:00+05:30,153.08,155.3,152.98,155.05,578134
2025-07-18 15:15:00+05:30,155.08,155.18,154.7,155.0,120230
2025-07-21 09:15:00+05:30,154.2,154.45,152.6,153.24,250812
2025-07-21 10:15:00+05:30,153.25,153.42,152.8,153.3,43122
2025-07-21 11:15:00+05:30,153.3,153.85,153.13,153.85,54016
2025-07-21 12:15:00+05:30,153.8,155.2,153.46,154.3,267694
2025-07-21 13:15:00+05:30,154.3,154.31,154.06,154.18,24323
2025-07-21 14:15:00+05:30,154.18,154.18,153.5,153.51,103968
2025-07-21 15:15:00+05:30,153.51,153.9,153.31,153.88,48760
2025-07-22 09:15:00+05:30,153.55,154.4,153.55,153.96,247676
2025-07-22 10:15:00+05:30,153.96,153.96,152.33,153.04,182390
2025-07-22 11:15:00+05:30,153.04,153.17,151.66,152.5,141085
2025-07-22 12:15:00+05:30,152.5,153.2,152.14,153.19,58787
2025-07-22 13:15:00+05:30,153.19,153.95,153.19,153.63,123402
2025-07-22 14:15:00+05:30,153.63,154.0,152.93,153.01,319545
2025-07-22 15:15:00+05:30,153.16,153.39,152.49,152.75,79931
2025-07-23 09:15:00+05:30,153.3,153.4,151.0,152.87,315176
2025-07-23 10:15:00+05:30,152.87,154.04,152.41,152.74,307420
2025-07-23 11:15:00+05:30,152.72,153.5,152.42,152.42,132712
2025-07-23 12:15:00+05:30,152.42,152.66,152.37,152.56,63904
2025-07-23 13:15:00+05:30,152.56,152.56,151.42,151.5,252521
2025-07-23 14:15:00+05:30,151.46,152.0,151.4,151.7,739667
2025-07-23 15:15:00+05:30,151.77,151.8,150.9,151.0,339924
2025-07-24 09:15:00+05:30,151.55,152.01,149.11,149.45,528634
2025-07-24 10:15:00+05:30,149.45,149.89,149.15,149.35,186536
2025-07-24 11:15:00+05:30,149.33,150.39,149.1,150.0,402514
2025-07-24 12:15:00+05:30,150.07,150.35,149.9,150.25,197070
2025-07-24 13:15:00+05:30,150.25,151.64,150.01,150.3,129733
2025-07-24 14:15:00+05:30,150.3,150.5,149.84,149.91,325253
2025-07-24 15:15:00+05:30,149.91,149.91,149.2,149.9,85819
2025-07-25 09:15:00+05:30,149.77,150.35,147.2,147.47,391697
2025-07-25 10:15:00+05:30,147.47,147.79,147.05,147.2,117762
2025-07-25 11:15:00+05:30,147.2,147.34,146.53,146.58,585442
2025-07-25 12:15:00+05:30,146.58,146.9,145.71,145.71,483871
2025-07-25 13:15:00+05:30,145.79,146.25,145.47,145.82,94136
2025-07-25 14:15:00+05:30,145.7,146.17,145.51,145.9,233258
2025-07-25 15:15:00+05:30,145.9,145.99,145.2,145.25,59764
2025-07-28 09:15:00+05:30,145.0,146.2,144.9,145.3,306887
2025-07-28 10:15:00+05:30,145.3,145.5,143.81,145.03,362450
2025-07-28 11:15:00+05:30,145.03,145.38,144.9,144.98,100113
2025-07-28 12:15:00+05:30,144.98,145.33,144.9,145.0,51161
2025-07-28 13:15:00+05:30,145.0,145.2,144.4,144.4,434088
2025-07-28 14:15:00+05:30,144.4,144.4,141.7,141.86,764508
2025-07-28 15:15:00+05:30,141.88,142.0,140.7,140.95,292831
2025-07-29 09:15:00+05:30,140.98,141.87,140.2,140.88,242484
2025-07-29 10:15:00+05:30,140.96,140.96,138.95,140.14,146435
2025-07-29 11:15:00+05:30,140.14,142.49,140.14,141.11,140393
2025-07-29 12:15:00+05:30,141.11,142.95,141.02,142.03,136820
2025-07-29 13:15:00+05:30,142.03,143.0,142.01,142.66,85748
2025-07-29 14:15:00+05:30,142.61,144.85,142.41,144.35,123066
2025-07-29 15:15:00+05:30,144.35,145.0,143.65,143.65,103382
2025-07-30 09:15:00+05:30,144.0,144.76,143.34,143.61,80813
2025-07-30 10:15:00+05:30,143.61,144.05,143.02,143.31,22679
2025-07-30 11:15:00+05:30,143.31,143.83,143.19,143.33,30179
2025-07-30 12:15:00+05:30,143.33,145.49,143.21,144.85,80408
2025-07-30 13:15:00+05:30,144.85,146.77,144.52,145.71,123360
2025-07-30 14:15:00+05:30,145.71,145.71,143.7,143.78,65726
2025-07-30 15:15:00+05:30,144.13,144.19,142.5,143.4,49874
2025-07-31 09:15:00+05:30,140.94,142.98,140.6,141.7,79280
2025-07-31 10:15:00+05:30,141.7,142.49,141.45,142.22,37138
2025-07-31 11:15:00+05:30,142.22,144.48,142.11,144.16,55433
2025-07-31 12:15:00+05:30,144.16,144.48,143.75,144.02,30669
2025-07-31 13:15:00+05:30,144.06,144.5,143.64,144.11,279474
2025-07-31 14:15:00+05:30,144.01,144.27,143.75,144.04,252210
2025-07-31 15:15:00+05:30,143.92,143.94,142.01,142.5,53352
2025-08-01 09:15:00+05:30,142.0,142.62,140.42,141.17,96455
2025-08-01 10:15:00+05:30,141.24,141.25,139.6,139.98,162656
2025-08-01 11:15:00+05:30,139.98,139.99,139.19,139.38,74372
2025-08-01 12:15:00+05:30,139.38,139.5,138.66,139.12,100402
2025-08-01 13:15:00+05:30,139.12,139.5,139.01,139.45,64804
2025-08-01 14:15:00+05:30,139.45,139.5,137.52,137.9,482374
2025-08-01 15:15:00+05:30,137.9,138.0,137.37,137.74,470907
2025-08-04 09:15:00+05:30,138.18,139.07,136.37,138.5,242523
2025-08-04 10:15:00+05:30,138.45,139.74,137.74,138.48,127553
2025-08-04 11:15:00+05:30,138.37,139.0,137.7,137.7,121906
2025-08-04 12:15:00+05:30,137.65,138.62,137.22,138.25,176068
2025-08-04 13:15:00+05:30,138.25,138.49,136.8,137.0,219045
2025-08-04 14:15:00+05:30,137.12,137.16,136.41,136.73,203175
2025-08-04 15:15:00+05:30,136.71,137.25,136.61,137.19,111765
2025-08-05 09:15:00+05:30,137.4,138.77,136.55,136.67,135089
2025-08-05 10:15:00+05:30,136.6,136.67,135.61,136.16,141968
2025-08-05 11:15:00+05:30,136.16,137.49,136.0,137.08,268775
2025-08-05 12:15:00+05:30,137.08,137.58,136.05,136.12,203000
2025-08-05 13:15:00+05:30,136.12,136.28,135.25,135.69,62229
2025-08-05 14:15:00+05:30,135.69,136.29,135.51,135.85,76952
2025-08-05 15:15:00+05:30,135.85,135.98,135.7,135.9,39504
2025-08-06 09:15:00+05:30,136.94,137.77,134.7,134.74,148071
2025-08-06 10:15:00+05:30,134.74,135.19,133.98,134.03,173085
2025-08-06 11:15:00+05:30,134.03,134.13,133.32,133.74,71670
2025-08-06 12:15:00+05:30,133.8,134.2,133.6,133.9,116905
2025-08-06 13:15:00+05:30,133.9,136.2,133.73,136.2,360597
2025-08-06 14:15:00+05:30,136.2,137.95,135.6,137.0,343884
2025-08-06 15:15:00+05:30,137.0,137.2,136.0,136.22,142579
2025-08-07 09:15:00+05:30,135.2,139.53,135.2,138.67,228783
2025-08-07 10:15:00+05:30,138.78,138.9,136.94,136.98,163260
2025-08-07 11:15:00+05:30,136.98,138.39,136.72,136.93,126563
2025-08-07 12:15:00+05:30,136.93,137.2,136.08,136.19,76241
2025-08-07 13:15:00+05:30,136.19,136.19,134.7,135.24,292061
2025-08-07 14:15:00+05:30,135.24,135.95,134.75,135.5,437892
2025-08-07 15:15:00+05:30,135.39,136.23,135.2,135.98,187362
2025-08-08 09:15:00+05:30,136.5,137.9,135.46,135.51,177435
2025-08-08 10:15:00+05:30,135.5,135.59,134.59,134.75,103315
2025-08-08 11:15:00+05:30,134.75,134.9,134.28,134.44,49220
2025-08-08 12:15:00+05:30,134.44,134.69,134.26,134.38,69546
2025-08-08 13:15:00+05:30,134.31,134.42,133.66,133.74,111647
2025-08-08 14:15:00+05:30,133.74,133.87,131.9,132.2,338456
2025-08-08 15:15:00+05:30,132.15,132.56,131.5,131.5,116337
2025-08-11 09:15:00+05:30,132.2,132.41,129.5,131.51,270199
2025-08-11 10:15:00+05:30,131.51,132.21,131.2,132.07,126207
2025-08-11 11:15:00+05:30,132.07,133.59,132.03,133.09,209206
2025-08-11 12:15:00+05:30,133.09,133.75,133.0,133.19,87840
2025-08-11 13:15:00+05:30,133.19,133.37,133.0,133.21,215455
2025-08-11 14:15:00+05:30,133.21,133.85,133.0,133.6,75902
2025-08-11 15:15:00+05:30,133.61,136.0,133.21,134.07,126706
2025-08-12 09:15:00+05:30,134.2,134.97,133.21,134.08,111555
2025-08-12 10:15:00+05:30,134.08,134.33,133.3,133.31,67569
2025-08-12 11:15:00+05:30,133.31,133.74,133.02,133.3,82683
2025-08-12 12:15:00+05:30,133.3,135.7,133.3,134.8,79815
2025-08-12 13:15:00+05:30,134.99,135.5,133.85,135.09,107820
2025-08-12 14:15:00+05:30,135.09,135.21,134.35,134.5,198393
2025-08-12 15:15:00+05:30,134.5,134.9,134.26,134.7,57895
2025-08-13 09:15:00+05:30,134.5,135.68,133.89,135.01,124468
2025-08-13 10:15:00+05:30,135.01,137.28,135.0,136.28,129121
2025-08-13 11:15:00+05:30,136.28,136.76,135.75,136.25,253240
2025-08-13 12:15:00+05:30,136.25,136.25,134.26,135.66,156864
2025-08-13 13:15:00+05:30,135.61,136.85,135.61,135.7,271256
2025-08-13 14:15:00+05:30,135.69,136.1,134.81,135.15,125542
2025-08-13 15:15:00+05:30,135.15,136.03,135.01,136.0,129348
2025-08-14 09:15:00+05:30,134.0,135.78,132.54,133.46,273603
2025-08-14 10:15:00+05:30,133.5,133.74,132.05,132.5,199852
2025-08-14 11:15:00+05:30,132.5,132.76,130.7,130.8,334360
2025-08-14 12:15:00+05:30,130.83,131.0,130.35,130.63,124309
2025-08-14 13:15:00+05:30,130.63,131.13,130.48,131.1,662424
2025-08-14 14:15:00+05:30,131.1,132.1,131.02,132.01,322952
2025-08-14 15:15:00+05:30,132.0,132.28,131.81,132.05,169839
2025-08-18 09:15:00+05:30,133.5,136.4,132.48,135.63,622947
2025-08-18 10:15:00+05:30,135.64,137.99,135.19,137.94,362539
2025-08-18 11:15:00+05:30,137.95,137.99,137.46,137.5,291192
2025-08-18 12:15:00+05:30,137.5,138.32,137.5,138.0,143561
2025-08-18 13:15:00+05:30,138.0,138.83,137.89,138.62,121244
2025-08-18 14:15:00+05:30,138.62,139.24,137.5,137.51,156573
2025-08-18 15:15:00+05:30,137.51,137.95,137.5,137.65,56739
2025-08-19 09:15:00+05:30,139.0,139.7,137.63,138.75,240756
2025-08-19 10:15:00+05:30,138.64,140.52,138.2,139.96,229140
2025-08-19 11:15:00+05:30,139.85,140.8,139.61,140.58,162549
2025-08-19 12:15:00+05:30,140.58,142.7,140.58,141.87,614601
2025-08-19 13:15:00+05:30,141.87,142.5,141.61,141.89,204561
2025-08-19 14:15:00+05:30,141.89,142.95,141.75,142.89,240689
2025-08-19 15:15:00+05:30,142.89,143.37,142.59,142.72,123123
2025-08-20 09:15:00+05:30,142.9,143.52,140.44,141.0,185262
2025-08-20 10:15:00+05:30,141.0,141.68,140.84,141.44,50849
2025-08-20 11:15:00+05:30,141.44,141.56,140.1,140.54,63013
2025-08-20 12:15:00+05:30,140.54,140.67,140.1,140.1,45260
2025-08-20 13:15:00+05:30,140.1,140.4,140.1,140.4,29454
2025-08-20 14:15:00+05:30,140.4,141.38,140.1,141.0,166967
2025-08-20 15:15:00+05:30,141.02,141.02,140.5,140.51,62849
2025-08-21 09:15:00+05:30,140.8,140.8,138.31,138.82,258534
2025-08-21 10:15:00+05:30,138.82,138.82,137.8,138.14,149224
2025-08-21 11:15:00+05:30,138.14,139.16,137.35,138.29,181932
2025-08-21 12:15:00+05:30,138.29,138.45,137.8,138.01,43105
2025-08-21 13:15:00+05:30,138.01,138.75,137.5,138.63,95589
2025-08-21 14:15:00+05:30,138.56,139.6,138.15,139.28,183817
2025-08-21 15:15:00+05:30,139.28,139.49,139.25,139.26,55780
2025-08-22 09:15:00+05:30,139.32,141.08,137.91,140.69,188554
2025-08-22 10:15:00+05:30,140.69,140.82,139.71,140.35,79191
2025-08-22 11:15:00+05:30,140.35,145.5,140.35,144.96,432787
2025-08-22 12:15:00+05:30,144.96,144.96,142.14,142.24,264792
2025-08-22 13:15:00+05:30,142.24,142.6,142.0,142.5,102155
2025-08-22 14:15:00+05:30,142.5,143.01,142.0,142.5,150543
2025-08-22 15:15:00+05:30,142.51,143.1,142.51,142.87,101831
2025-08-25 09:15:00+05:30,144.0,145.9,142.14,143.64,304670
2025-08-25 10:15:00+05:30,143.64,144.32,143.17,144.0,108695
2025-08-25 11:15:00+05:30,144.0,144.47,143.7,144.06,117840
2025-08-25 12:15:00+05:30,144.06,144.4,143.9,144.05,32890
2025-08-25 13:15:00+05:30,144.06,144.5,143.9,144.24,45329
2025-08-25 14:15:00+05:30,144.24,144.48,143.9,144.01,96822
2025-08-25 15:15:00+05:30,144.01,144.5,143.99,144.0,95084
2025-08-26 09:15:00+05:30,144.13,144.13,140.2,142.88,136832
2025-08-26 10:15:00+05:30,142.89,143.47,142.3,142.67,126107
2025-08-26 11:15:00+05:30,142.74,143.35,142.66,143.08,66363
2025-08-26 12:15:00+05:30,143.19,143.5,142.52,143.37,65967
2025-08-26 13:15:00+05:30,143.37,143.5,142.92,143.23,62497
2025-08-26 14:15:00+05:30,143.23,143.35,137.3,138.77,767787
2025-08-26 15:15:00+05:30,138.78,139.84,137.4,139.0,655921
2025-08-28 09:15:00+05:30,138.05,139.39,137.07,138.59,128398
2025-08-28 10:15:00+05:30,138.7,139.81,138.2,138.91,61509
2025-08-28 11:15:00+05:30,138.91,138.91,138.05,138.31,46531
2025-08-28 12:15:00+05:30,138.31,138.53,137.2,137.2,27153
2025-08-28 13:15:00+05:30,137.2,137.43,134.4,134.7,280544
2025-08-28 14:15:00+05:30,134.7,135.54,133.68,133.77,268687
2025-08-28 15:15:00+05:30,133.77,134.25,133.45,134.0,80278
2025-08-29 09:15:00+05:30,134.8,134.8,131.6,134.22,140881
2025-08-29 10:15:00+05:30,134.22,136.14,134.05,135.66,169933
2025-08-29 11:15:00+05:30,135.66,135.92,135.25,135.6,23864
2025-08-29 12:15:00+05:30,135.6,135.67,135.0,135.0,29011
2025-08-29 13:15:00+05:30,135.0,135.35,134.9,135.15,41884
2025-08-29 14:15:00+05:30,135.15,135.55,134.9,135.04,143901
2025-08-29 15:15:00+05:30,135.04,135.14,135.0,135.0,105672
2025-09-01 09:15:00+05:30,136.8,136.8,133.92,135.74,107596
2025-09-01 10:15:00+05:30,135.74,135.99,135.34,135.49,37663
2025-09-01 11:15:00+05:30,135.49,136.92,135.15,136.85,112278
2025-09-01 12:15:00+05:30,136.85,139.6,136.78,138.48,404510
2025-09-01 13:15:00+05:30,138.48,139.4,137.92,139.31,248712
2025-09-01 14:15:00+05:30,139.31,139.66,139.0,139.28,203642
2025-09-01 15:15:00+05:30,139.25,139.35,139.0,139.03,120362
2025-09-02 09:15:00+05:30,140.94,142.95,139.49,142.21,287953
2025-09-02 10:15:00+05:30,142.21,142.38,140.8,141.36,129209
2025-09-02 11:15:00+05:30,141.43,142.14,141.1,141.84,191278
2025-09-02 12:15:00+05:30,141.84,142.6,141.38,141.93,220675
2025-09-02 13:15:00+05:30,141.94,142.35,141.05,142.07,170453
2025-09-02 14:15:00+05:30,142.06,142.7,140.8,141.0,416209
2025-09-02 15:15:00+05:30,141.0,141.0,140.53,140.99,114830
2025-09-03 09:15:00+05:30,142.5,143.9,141.95,142.99,218853
2025-09-03 10:15:00+05:30,142.99,143.35,141.99,142.5,88720
2025-09-03 11:15:00+05:30,142.5,142.71,141.25,142.02,154869
2025-09-03 12:15:00+05:30,142.02,142.69,141.95,142.45,57065
2025-09-03 13:15:00+05:30,142.45,142.54,141.9,142.35,103950
2025-09-03 14:15:00+05:30,142.29,143.27,142.0,143.12,164090
2025-09-03 15:15:00+05:30,143.12,143.19,142.94,143.0,58317
2025-09-04 09:15:00+05:30,144.6,144.64,141.26,142.86,340240
2025-09-04 10:15:00+05:30,142.81,143.68,142.5,142.71,111876
2025-09-04 11:15:00+05:30,142.71,143.24,142.36,142.69,70989
2025-09-04 12:15:00+05:30,142.69,142.99,142.2,142.33,60818
2025-09-04 13:15:00+05:30,142.34,142.98,142.1,142.5,81233
2025-09-04 14:15:00+05:30,142.42,142.78,142.0,142.02,139105
2025-09-04 15:15:00+05:30,142.02,142.35,141.7,142.01,118387
2025-09-05 09:15:00+05:30,142.09,143.39,142.09,142.48,56594
2025-09-05 10:15:00+05:30,142.36,142.91,140.83,141.05,185922
2025-09-05 11:15:00+05:30,141.05,141.53,140.31,140.38,65851
2025-09-05 12:15:00+05:30,140.31,141.35,140.3,141.06,65156
2025-09-05 13:15:00+05:30,141.06,142.24,139.98,141.37,198256
2025-09-05 14:15:00+05:30,141.37,142.78,141.34,141.48,209322
2025-09-05 15:15:00+05:30,141.68,141.9,141.42,141.89,54509
2025-09-08 09:15:00+05:30,142.99,143.7,141.69,143.07,212601
2025-09-08 10:15:00+05:30,143.07,143.5,142.3,142.67,87301
2025-09-08 11:15:00+05:30,142.67,143.6,142.02,143.27,132417
2025-09-08 12:15:00+05:30,143.27,144.95,143.17,143.81,408907
2025-09-08 13:15:00+05:30,143.81,144.8,143.7,144.2,93980
2025-09-08 14:15:00+05:30,144.45,144.5,143.38,143.5,139906
2025-09-08 15:15:00+05:30,143.5,143.9,143.12,143.48,130761
2025-09-09 09:15:00+05:30,150.0,151.33,146.35,149.04,1660679
2025-09-09 10:15:00+05:30,149.0,149.7,148.98,149.1,892093
2025-09-09 11:15:00+05:30,149.1,149.3,148.93,149.12,220449
2025-09-09 12:15:00+05:30,149.12,149.5,149.0,149.0,144828
2025-09-09 13:15:00+05:30,149.07,149.37,148.96,149.11,194858
2025-09-09 14:15:00+05:30,149.1,149.35,149.0,149.01,183846
2025-09-09 15:15:00+05:30,149.01,149.92,149.0,149.5,201209
2025-09-10 09:15:00+05:30,149.7,150.95,147.13,147.4,223644
2025-09-10 10:15:00+05:30,147.4,147.89,146.31,146.72,81719
2025-09-10 11:15:00+05:30,146.72,146.89,145.6,145.74,92715
2025-09-10 12:15:00+05:30,145.78,145.88,145.1,145.46,83533
2025-09-10 13:15:00+05:30,145.46,145.75,144.84,145.52,322249
2025-09-10 14:15:00+05:30,145.52,145.68,145.1,145.1,182329
2025-09-10 15:15:00+05:30,145.1,145.84,144.7,145.7,72085
2025-09-11 09:15:00+05:30,146.25,146.3,144.47,145.38,105770
2025-09-11 10:15:00+05:30,145.38,145.48,144.5,145.1,26920
2025-09-11 11:15:00+05:30,145.1,145.23,143.86,144.9,57175
2025-09-11 12:15:00+05:30,144.9,145.84,144.59,144.92,52958
2025-09-11 13:15:00+05:30,144.92,144.94,144.03,144.83,47531
2025-09-11 14:15:00+05:30,144.83,145.1,144.17,144.36,51404
2025-09-11 15:15:00+05:30,144.31,144.84,144.2,144.6,50815
2025-09-12 09:15:00+05:30,145.0,147.37,144.8,145.74,174702
2025-09-12 10:15:00+05:30,145.74,146.5,145.3,146.41,52388
2025-09-12 11:15:00+05:30,146.41,146.75,145.26,145.37,55811
2025-09-12 12:15:00+05:30,145.37,145.57,145.01,145.25,34905
2025-09-12 13:15:00+05:30,145.25,145.54,145.05,145.22,25310
2025-09-12 14:15:00+05:30,145.22,145.76,144.66,145.41,149259
2025-09-12 15:15:00+05:30,145.39,145.95,145.24,145.65,70214
2025-09-15 09:15:00+05:30,145.48,145.89,143.84,145.04,69904
2025-09-15 10:15:00+05:30,145.04,145.28,144.7,144.91,35778
2025-09-15 11:15:00+05:30,144.91,145.29,144.7,144.88,23880
2025-09-15 12:15:00+05:30,144.88,145.45,143.93,144.19,105179
2025-09-15 13:15:00+05:30,144.11,144.54,144.03,144.33,29540
2025-09-15 14:15:00+05:30,144.33,144.61,142.84,144.46,138679
2025-09-15 15:15:00+05:30,144.34,144.34,142.99,143.86,188555
2025-09-16 09:15:00+05:30,144.0,146.0,143.87,146.0,109031
2025-09-16 10:15:00+05:30,146.0,146.0,143.54,143.7,230201
2025-09-16 11:15:00+05:30,143.8,144.75,142.65,143.94,303884
2025-09-16 12:15:00+05:30,143.94,144.0,142.33,142.56,214768
2025-09-16 13:15:00+05:30,142.56,142.56,141.87,142.02,142846
2025-09-16 14:15:00+05:30,142.02,142.42,141.88,142.4,134572
2025-09-16 15:15:00+05:30,142.4,142.5,141.9,142.5,88239
2025-09-17 09:15:00+05:30,143.9,144.9,143.1,144.68,153656
2025-09-17 10:15:00+05:30,144.68,145.2,144.53,144.83,64354
2025-09-17 11:15:00+05:30,144.83,145.67,144.63,145.5,91044
2025-09-17 12:15:00+05:30,145.5,145.85,145.25,145.55,69416
2025-09-17 13:15:00+05:30,145.55,145.77,144.87,145.3,68734
2025-09-17 14:15:00+05:30,145.3,145.8,145.0,145.79,88556
2025-09-17 15:15:00+05:30,145.79,145.79,144.8,145.5,244429
2025-09-18 09:15:00+05:30,145.92,146.25,144.43,145.05,122773
2025-09-18 10:15:00+05:30,145.05,147.02,144.77,146.49,517872
2025-09-18 11:15:00+05:30,146.51,146.54,145.45,145.99,820482
2025-09-18 12:15:00+05:30,145.99,146.0,145.63,145.75,92010
2025-09-18 13:15:00+05:30,145.75,145.75,143.78,145.12,418938
2025-09-18 14:15:00+05:30,145.06,146.55,145.0,146.46,226782
2025-09-18 15:15:00+05:30,146.46,146.46,146.0,146.0,138496
2025-09-19 09:15:00+05:30,146.0,146.0,143.2,143.43,511465
2025-09-19 10:15:00+05:30,143.44,144.19,142.51,142.96,450753
2025-09-19 11:15:00+05:30,142.79,142.95,141.63,141.88,459232
2025-09-19 12:15:00+05:30,141.88,142.0,141.66,141.91,126203
2025-09-19 13:15:00+05:30,141.91,142.01,140.51,141.82,389974
2025-09-19 14:15:00+05:30,141.82,141.85,140.12,141.49,696501
2025-09-19 15:15:00+05:30,141.47,142.36,141.47,142.0,467932
2025-09-22 09:15:00+05:30,141.4,142.5,141.26,141.67,214103
2025-09-22 10:15:00+05:30,141.67,141.83,140.76,141.45,79597
2025-09-22 11:15:00+05:30,141.45,141.65,140.2,140.66,73127
2025-09-22 12:15:00+05:30,140.66,141.24,140.4,141.05,101466
2025-09-22 13:15:00+05:30,141.05,143.02,140.97,142.66,425252
2025-09-22 14:15:00+05:30,142.62,142.99,142.45,142.86,172174
2025-09-22 15:15:00+05:30,142.88,142.89,142.5,142.61,51834
2025-09-23 09:15:00+05:30,143.89,143.89,141.81,141.95,99601
2025-09-23 10:15:00+05:30,141.95,142.4,141.3,142.16,55154
2025-09-23 11:15:00+05:30,142.16,142.31,141.73,141.75,117331
2025-09-23 12:15:00+05:30,141.81,141.86,141.3,141.47,69105
2025-09-23 13:15:00+05:30,141.47,141.62,140.4,140.47,98261
2025-09-23 14:15:00+05:30,140.4,140.65,139.81,139.93,157744
2025-09-23 15:15:00+05:30,139.88,140.1,139.77,140.0,59680
2025-09-24 09:15:00+05:30,140.0,142.0,138.12,139.53,137086
2025-09-24 10:15:00+05:30,139.53,140.71,136.92,136.92,230269
2025-09-24 11:15:00+05:30,136.93,137.74,136.7,137.03,225544
2025-09-24 12:15:00+05:30,137.03,137.37,136.7,136.8,157596
2025-09-24 13:15:00+05:30,136.8,137.0,136.14,136.91,117441
2025-09-24 14:15:00+05:30,136.91,137.09,135.1,135.87,351169
2025-09-24 15:15:00+05:30,135.88,136.0,135.58,135.92,103422
2025-09-25 09:15:00+05:30,135.79,137.62,135.78,137.34,267789
2025-09-25 10:15:00+05:30,137.34,137.75,137.0,137.42,53082
2025-09-25 11:15:00+05:30,137.42,137.55,136.51,136.74,39669
2025-09-25 12:15:00+05:30,136.74,137.9,136.02,136.75,75613
2025-09-25 13:15:00+05:30,136.75,137.0,136.56,136.6,63109
2025-09-25 14:15:00+05:30,136.6,136.87,136.22,136.41,194080
2025-09-25 15:15:00+05:30,136.41,136.44,134.71,135.0,251453
2025-09-26 09:15:00+05:30,135.7,135.7,132.22,133.34,164224
2025-09-26 10:15:00+05:30,133.34,133.5,132.27,132.55,105595
2025-09-26 11:15:00+05:30,132.55,133.35,131.5,133.05,134106
2025-09-26 12:15:00+05:30,133.05,133.37,132.0,132.18,106043
2025-09-26 13:15:00+05:30,132.18,132.3,131.7,132.1,62469
2025-09-26 14:15:00+05:30,132.1,132.41,131.9,131.91,109650
2025-09-26 15:15:00+05:30,131.91,132.61,131.91,132.25,56503
2025-09-29 09:15:00+05:30,133.59,134.32,131.51,133.7,227075
2025-09-29 10:15:00+05:30,133.78,134.74,133.6,134.41,157864
2025-09-29 11:15:00+05:30,134.41,135.3,133.63,134.81,184377
2025-09-29 12:15:00+05:30,134.81,135.6,134.68,135.01,99001
2025-09-29 13:15:00+05:30,134.94,134.94,133.16,133.76,347542
2025-09-29 14:15:00+05:30,133.76,137.5,133.41,134.85,2405973
2025-09-29 15:15:00+05:30,134.92,135.5,133.5,134.9,1457522
2025-09-30 09:15:00+05:30,135.4,135.4,132.81,133.12,132286
2025-09-30 10:15:00+05:30,133.13,133.9,132.74,133.51,69823
2025-09-30 11:15:00+05:30,133.51,133.51,132.95,133.01,28561
2025-09-30 12:15:00+05:30,133.01,133.52,133.0,133.1,30298
2025-09-30 13:15:00+05:30,133.1,133.26,131.6,131.85,159641
2025-09-30 14:15:00+05:30,131.85,132.9,131.81,132.86,119379
2025-09-30 15:15:00+05:30,132.83,133.45,132.5,132.89,84100
2025-10-01 09:15:00+05:30,132.5,133.44,131.64,132.67,143372
2025-10-01 10:15:00+05:30,132.73,133.39,132.67,132.9,34935
2025-10-01 11:15:00+05:30,132.9,134.23,132.84,133.75,57571
2025-10-01 12:15:00+05:30,133.75,133.92,133.31,133.74,28848
2025-10-01 13:15:00+05:30,133.74,134.15,133.5,134.08,26289
2025-10-01 14:15:00+05:30,134.08,134.8,133.2,133.94,114126
2025-10-01 15:15:00+05:30,133.93,134.4,133.7,133.85,28123
2025-10-03 09:15:00+05:30,134.4,135.1,133.6,134.11,112228
2025-10-03 10:15:00+05:30,134.11,136.5,133.77,136.1,101130
2025-10-03 11:15:00+05:30,136.1,136.5,135.19,136.03,104388
2025-10-03 12:15:00+05:30,136.03,136.55,135.82,136.41,48439
2025-10-03 13:15:00+05:30,136.39,136.5,135.95,136.14,14230
2025-10-03 14:15:00+05:30,136.14,136.91,136.07,136.59,75644
2025-10-03 15:15:00+05:30,136.58,136.88,135.85,136.0,40838
2025-10-06 09:15:00+05:30,144.0,150.79,143.55,147.38,9114408
2025-10-06 10:15:00+05:30,147.38,148.48,146.32,147.21,2385315
2025-10-06 11:15:00+05:30,147.17,148.34,146.79,146.91,1190086
2025-10-06 12:15:00+05:30,146.9,147.99,146.8,147.05,705026
2025-10-06 13:15:00+05:30,147.05,147.56,143.8,147.29,2474936
2025-10-06 14:15:00+05:30,147.29,148.02,146.36,146.36,2386759
2025-10-06 15:15:00+05:30,146.36,146.88,145.55,146.01,978583
2025-10-07 09:15:00+05:30,148.0,148.8,146.5,147.06,1323343
2025-10-07 10:15:00+05:30,147.06,148.2,146.96,147.27,315628
2025-10-07 11:15:00+05:30,147.2,147.96,147.13,147.64,160832
2025-10-07 12:15:00+05:30,147.64,147.77,146.94,147.15,167155
2025-10-07 13:15:00+05:30,147.15,147.53,146.94,147.27,158985
2025-10-07 14:15:00+05:30,147.27,148.5,146.76,147.85,528860
2025-10-07 15:15:00+05:30,147.85,147.98,147.25,147.25,212486
2025-10-08 09:15:00+05:30,147.0,147.0,142.1,142.13,1419348
2025-10-08 10:15:00+05:30,142.13,142.29,141.25,141.26,429848
2025-10-08 11:15:00+05:30,141.28,141.34,140.02,140.37,784978
2025-10-08 12:15:00+05:30,140.37,141.33,140.24,140.55,435334
2025-10-08 13:15:00+05:30,140.55,142.24,140.5,141.27,1250502
2025-10-08 14:15:00+05:30,141.27,141.31,138.81,139.39,803764
2025-10-08 15:15:00+05:30,139.37,140.0,138.15,138.15,389669
2025-10-09 09:15:00+05:30,140.0,140.61,138.41,138.46,421639
2025-10-09 10:15:00+05:30,138.46,139.11,138.35,138.95,92971
2025-10-09 11:15:00+05:30,138.95,139.76,138.51,138.78,75551
2025-10-09 12:15:00+05:30,138.8,139.78,138.64,139.59,41343
2025-10-09 13:15:00+05:30,139.59,140.17,139.28,140.01,66000
2025-10-09 14:15:00+05:30,139.95,143.83,139.76,143.09,637292
2025-10-09 15:15:00+05:30,142.96,143.6,142.5,142.9,190392
2025-10-10 09:15:00+05:30,143.25,143.25,141.25,141.67,246885
2025-10-10 10:15:00+05:30,141.67,142.45,141.13,141.82,128729
2025-10-10 11:15:00+05:30,141.82,141.83,141.39,141.61,39578
2025-10-10 12:15:00+05:30,141.61,142.99,141.61,142.48,792644
2025-10-10 13:15:00+05:30,142.48,142.85,142.0,142.4,61092
2025-10-10 14:15:00+05:30,142.4,143.05,142.05,142.8,140570
2025-10-10 15:15:00+05:30,142.8,143.09,141.99,141.99,130354
2025-10-13 09:15:00+05:30,142.82,142.82,140.01,140.6,283265
2025-10-13 10:15:00+05:30,140.6,140.84,139.45,139.87,117757
2025-10-13 11:15:00+05:30,139.91,140.46,139.5,140.32,72997
2025-10-13 12:15:00+05:30,140.32,140.51,139.81,139.92,81667
2025-10-13 13:15:00+05:30,139.92,140.0,138.99,139.31,153091
2025-10-13 14:15:00+05:30,139.31,139.74,138.83,139.12,181395
2025-10-13 15:15:00+05:30,139.02,139.07,138.8,138.99,74853
2025-10-14 09:15:00+05:30,137.5,138.76,137.3,137.4,175399
2025-10-14 10:15:00+05:30,137.4,137.7,136.6,136.77,115165
2025-10-14 11:15:00+05:30,136.77,136.85,136.26,136.38,36752
2025-10-14 12:15:00+05:30,136.4,137.63,136.31,137.51,69501
2025-10-14 13:15:00+05:30,137.62,137.76,136.8,137.3,75382
2025-10-14 14:15:00+05:30,137.3,137.86,137.19,137.68,109027
2025-10-14 15:15:00+05:30,137.68,137.87,137.25,137.25,80566
2025-10-15 09:15:00+05:30,137.98,138.11,136.27,136.51,124998
2025-10-15 10:15:00+05:30,136.51,138.19,136.4,137.5,76192
2025-10-15 11:15:00+05:30,137.68,137.7,136.56,137.21,99274
2025-10-15 12:15:00+05:30,137.21,138.5,137.21,138.27,54886
2025-10-15 13:15:00+05:30,138.33,138.49,137.69,138.2,35626
2025-10-15 14:15:00+05:30,138.2,138.98,137.03,137.35,161983
2025-10-15 15:15:00+05:30,137.35,137.72,137.03,137.03,105406
2025-10-16 09:15:00+05:30,137.36,138.25,136.8,137.43,131466
2025-10-16 10:15:00+05:30,137.43,137.88,137.05,137.3,73870
2025-10-16 11:15:00+05:30,137.3,137.49,136.79,137.11,58794
2025-10-16 12:15:00+05:30,137.11,137.48,137.03,137.4,23069
2025-10-16 13:15:00+05:30,137.5,137.6,137.11,137.25,41279
2025-10-16 14:15:00+05:30,137.25,137.35,136.65,137.08,171201
2025-10-16 15:15:00+05:30,137.05,137.25,136.91,137.0,51945
2025-10-17 09:15:00+05:30,137.0,137.09,136.15,136.5,110946
2025-10-17 10:15:00+05:30,136.5,136.56,136.05,136.23,47982
2025-10-17 11:15:00+05:30,136.23,136.67,136.05,136.35,70409
2025-10-17 12:15:00+05:30,136.35,136.38,135.75,135.75,52274
2025-10-17 13:15:00+05:30,135.75,135.9,135.3,135.81,57915
2025-10-17 14:15:00+05:30,135.81,136.77,135.72,136.45,117433
2025-10-17 15:15:00+05:30,136.51,136.6,136.1,136.3,81176
2025-10-20 09:15:00+05:30,136.21,136.99,135.1,135.25,124063
2025-10-20 10:15:00+05:30,135.24,137.2,135.21,137.0,79113
2025-10-20 11:15:00+05:30,137.0,137.06,136.77,137.0,122120
2025-10-20 12:15:00+05:30,137.0,137.2,136.83,137.01,59179
2025-10-20 13:15:00+05:30,137.07,137.3,136.85,137.07,44997
2025-10-20 14:15:00+05:30,137.0,137.69,136.95,137.34,96406
2025-10-20 15:15:00+05:30,137.34,138.79,137.25,138.67,75283
2025-10-21 13:45:00+05:30,139.0,140.0,137.9,138.6,238348
2025-10-23 09:15:00+05:30,140.0,140.01,137.95,139.9,185373
2025-10-23 10:15:00+05:30,139.94,141.01,139.56,140.02,280331
2025-10-23 11:15:00+05:30,140.01,140.34,139.81,140.02,190070
2025-10-23 12:15:00+05:30,140.02,140.2,139.7,140.0,154438
2025-10-23 13:15:00+05:30,140.0,140.12,139.74,140.05,80353
2025-10-23 14:15:00+05:30,140.05,140.05,139.77,139.86,189241
2025-10-23 15:15:00+05:30,139.83,140.79,139.83,140.2,144898
2025-10-24 09:15:00+05:30,140.0,140.71,139.12,140.01,183988
2025-10-24 10:15:00+05:30,140.0,140.0,139.1,139.25,94207
2025-10-24 11:15:00+05:30,139.25,139.9,139.11,139.67,49060
2025-10-24 12:15:00+05:30,139.67,140.03,139.67,139.73,39141
2025-10-24 13:15:00+05:30,139.73,139.78,138.41,138.9,126842
2025-10-24 14:15:00+05:30,138.9,138.9,137.7,138.21,104175
2025-10-24 15:15:00+05:30,138.23,138.9,138.16,138.89,71034
2025-10-27 09:15:00+05:30,138.85,138.94,138.0,138.47,84484
2025-10-27 10:15:00+05:30,138.4,138.65,136.2,136.44,201059
2025-10-27 11:15:00+05:30,136.45,137.18,136.26,137.1,85532
2025-10-27 12:15:00+05:30,137.1,137.4,136.6,136.69,88609
2025-10-27 13:15:00+05:30,136.69,137.52,136.51,136.83,67422
2025-10-27 14:15:00+05:30,136.83,137.77,135.46,136.21,253920
2025-10-27 15:15:00+05:30,136.21,136.45,136.01,136.1,123376
2025-10-28 09:15:00+05:30,136.37,137.6,135.7,137.15,133365
2025-10-28 10:15:00+05:30,137.19,138.0,137.16,137.72,66196
2025-10-28 11:15:00+05:30,137.72,138.0,137.22,137.22,62252
2025-10-28 12:15:00+05:30,137.22,137.53,137.04,137.36,20743
2025-10-28 13:15:00+05:30,137.36,137.46,136.22,136.23,106476
2025-10-28 14:15:00+05:30,136.23,136.87,136.15,136.25,103036
2025-10-28 15:15:00+05:30,136.27,136.56,136.15,136.5,32097
2025-10-29 09:15:00+05:30,136.9,136.9,135.89,136.17,129916
2025-10-29 10:15:00+05:30,136.17,136.9,136.0,136.51,101018
2025-10-29 11:15:00+05:30,136.51,137.41,135.98,137.01,110071
2025-10-29 12:15:00+05:30,137.03,137.25,136.57,136.93,22217
2025-10-29 13:15:00+05:30,136.93,136.93,135.99,136.32,595544
2025-10-29 14:15:00+05:30,136.45,136.45,135.52,135.7,127768
2025-10-29 15:15:00+05:30,135.7,135.81,135.36,135.45,254407
2025-10-30 09:15:00+05:30,136.0,136.16,134.61,134.75,139772
2025-10-30 10:15:00+05:30,134.75,134.82,134.51,134.79,44148
2025-10-30 11:15:00+05:30,134.79,135.4,134.76,135.38,70939
2025-10-30 12:15:00+05:30,135.35,135.4,134.32,134.4,109974
2025-10-30 13:15:00+05:30,134.4,135.0,134.15,134.47,1570296
2025-10-30 14:15:00+05:30,134.47,134.78,134.37,134.69,80481
2025-10-30 15:15:00+05:30,134.69,134.94,134.4,134.4,100382
2025-10-31 09:15:00+05:30,134.65,136.0,134.65,135.11,68490
2025-10-31 10:15:00+05:30,135.11,135.15,134.21,134.27,81676
2025-10-31 11:15:00+05:30,134.27,136.0,134.27,134.72,148201
2025-10-31 12:15:00+05:30,134.72,134.8,134.21,134.3,33095
2025-10-31 13:15:00+05:30,134.3,134.73,134.25,134.5,62220
2025-10-31 14:15:00+05:30,134.5,134.89,134.11,134.11,64104
2025-10-31 15:15:00+05:30,134.0,134.0,133.18,133.9,138368
2025-11-03 09:15:00+05:30,133.9,136.5,132.92,136.2,148500
2025-11-03 10:15:00+05:30,136.2,136.58,135.71,136.18,96336
2025-11-03 11:15:00+05:30,136.18,136.41,135.77,136.05,73083
2025-11-03 12:15:00+05:30,136.05,136.4,135.91,136.27,38107
2025-11-03 13:15:00+05:30,136.27,136.7,136.09,136.11,63816
2025-11-03 14:15:00+05:30,136.11,136.57,135.98,136.25,295080
2025-11-03 15:15:00+05:30,136.18,136.2,135.95,136.09,77124
2025-11-04 09:15:00+05:30,136.89,137.96,136.08,137.64,246814
2025-11-04 10:15:00+05:30,137.64,138.18,137.07,137.34,155846
2025-11-04 11:15:00+05:30,137.34,137.84,136.86,137.75,71544
2025-11-04 12:15:00+05:30,137.75,137.88,137.2,137.67,141008
2025-11-04 13:15:00+05:30,137.67,137.84,136.45,137.08,220378
2025-11-04 14:15:00+05:30,137.08,137.34,135.99,136.91,315415
2025-11-04 15:15:00+05:30,136.95,137.7,136.78,137.7,124461
2025-11-06 09:15:00+05:30,139.39,139.39,132.1,132.29,957626
2025-11-06 10:15:00+05:30,132.25,133.08,131.67,131.68,358787
2025-11-06 11:15:00+05:30,131.69,132.98,130.51,132.8,446101
2025-11-06 12:15:00+05:30,132.8,133.8,132.69,133.34,325556
2025-11-06 13:15:00+05:30,133.34,133.79,132.84,133.7,492147
2025-11-06 14:15:00+05:30,133.7,133.99,132.51,132.69,397837
2025-11-06 15:15:00+05:30,132.69,132.84,131.99,132.19,132955
2025-11-07 09:15:00+05:30,132.42,132.43,128.84,129.72,335728
2025-11-07 10:15:00+05:30,129.94,130.22,129.43,130.22,121603
2025-11-07 11:15:00+05:30,130.24,130.32,128.73,129.49,164050
2025-11-07 12:15:00+05:30,129.49,130.32,129.49,130.3,112278
2025-11-07 13:15:00+05:30,130.3,130.79,129.98,130.75,113174
2025-11-07 14:15:00+05:30,130.75,130.91,130.27,130.72,140688
2025-11-07 15:15:00+05:30,130.72,130.73,130.25,130.35,112020
2025-11-10 09:15:00+05:30,130.45,130.45,129.16,129.31,220144
2025-11-10 10:15:00+05:30,129.31,130.13,128.44,128.82,187708
2025-11-10 11:15:00+05:30,128.82,129.88,128.57,128.59,103730
2025-11-10 12:15:00+05:30,128.59,130.13,127.98,130.07,294845
2025-11-10 13:15:00+05:30,130.07,130.88,129.98,130.25,148163
2025-11-10 14:15:00+05:30,130.25,130.5,130.0,130.05,94448
2025-11-10 15:15:00+05:30,130.05,130.09,129.56,129.61,125806
2025-11-11 09:15:00+05:30,129.99,130.44,128.29,129.05,180583
2025-11-11 10:15:00+05:30,129.05,129.21,127.78,128.0,154242
2025-11-11 11:15:00+05:30,127.95,128.0,127.26,127.35,150151
2025-11-11 12:15:00+05:30,127.35,127.81,126.79,127.24,591227
2025-11-11 13:15:00+05:30,127.19,127.55,127.0,127.41,156993
2025-11-11 14:15:00+05:30,127.41,128.08,127.27,127.66,458428
2025-11-11 15:15:00+05:30,127.66,127.98,127.65,127.92,90901
2025-11-12 09:15:00+05:30,128.79,129.4,128.01,128.68,144395
2025-11-12 10:15:00+05:30,128.68,129.84,128.0,128.86,140119
2025-11-12 11:15:00+05:30,128.86,129.85,128.22,129.61,390729
2025-11-12 12:15:00+05:30,129.61,130.67,129.55,129.67,245987
2025-11-12 13:15:00+05:30,129.67,130.2,129.45,130.12,65788
2025-11-12 14:15:00+05:30,130.2,131.2,129.98,130.23,278363
2025-11-12 15:15:00+05:30,130.24,130.24,129.1,129.3,87661
2025-11-13 09:15:00+05:30,129.75,130.29,128.51,130.1,142594
2025-11-13 10:15:00+05:30,130.1,130.42,129.48,129.51,125779
2025-11-13 11:15:00+05:30,129.51,129.84,129.1,129.66,61616
2025-11-13 12:15:00+05:30,129.66,135.48,129.42,134.93,915485
2025-11-13 13:15:00+05:30,134.85,136.0,134.01,134.52,940270
2025-11-13 14:15:00+05:30,134.52,135.35,134.24,134.39,330824
2025-11-13 15:15:00+05:30,134.38,134.63,134.2,134.5,150939
2025-11-14 09:15:00+05:30,133.05,134.66,132.51,132.57,217385
2025-11-14 10:15:00+05:30,132.5,132.99,132.12,132.34,68583
2025-11-14 11:15:00+05:30,132.34,132.98,132.12,132.95,63890
2025-11-14 12:15:00+05:30,132.88,133.7,132.69,133.24,477593
2025-11-14 13:15:00+05:30,133.24,138.25,132.88,136.33,955317
2025-11-14 14:15:00+05:30,136.33,136.33,134.12,134.6,309540
2025-11-14 15:15:00+05:30,134.6,134.66,134.12,134.15,56796
2025-11-17 09:15:00+05:30,132.55,136.39,132.55,134.45,339515
2025-11-17 10:15:00+05:30,134.3,134.97,133.32,133.43,68471
2025-11-17 11:15:00+05:30,133.43,133.84,133.12,133.76,51532
2025-11-17 12:15:00+05:30,133.76,135.11,133.44,133.97,375000
2025-11-17 13:15:00+05:30,133.98,139.7,133.98,138.65,1447426
2025-11-17 14:15:00+05:30,138.5,138.97,138.23,138.66,326994
2025-11-17 15:15:00+05:30,138.6,138.8,138.43,138.52,95593
2025-11-18 09:15:00+05:30,138.05,139.5,137.4,137.42,186424
2025-11-18 10:15:00+05:30,137.42,137.87,136.91,137.64,98783
2025-11-18 11:15:00+05:30,137.64,138.35,137.31,137.65,57373
2025-11-18 12:15:00+05:30,137.65,138.02,137.23,137.91,63869
2025-11-18 13:15:00+05:30,137.91,142.35,137.55,141.96,773127
2025-11-18 14:15:00+05:30,141.98,142.22,139.5,139.8,482115
2025-11-18 15:15:00+05:30,139.71,139.94,139.12,139.25,147063
